{
  "L": {
    "WB": [
      [
        -20.033556019866754,
        -5.737352371215821
      ],
      [
        -46.30778025272511,
        -14.24132823944092
      ],
      [
        -57.43982816845665,
        6.947844028472901
      ],
      [
        -45.825150891687656,
        29.61199522018433
      ],
      [
        -21.12099406464986,
        20.039770603179935
      ],
      [
        -3.1514751623187305,
        28.113112449645996
      ],
      [
        14.470907728199675,
        6.749210357666016
      ],
      [
        9.277231632689677,
        -9.138007164001467
      ],
      [
        -2.5802707703823944,
        -17.163283824920658
      ]
    ],
    "AL": [
      [
        -46.30778025272511,
        -14.24132823944092
      ],
      [
        -33.770978358152185,
        -49.697964191436775
      ],
      [
        -13.85498682241994,
        -67.6236927509308
      ],
      [
        -25.429603704934962,
        -102.64501690864564
      ],
      [
        11.606881340042527,
        -124.44003582000734
      ],
      [
        22.486497817596405,
        -108.74526143074037
      ],
      [
        -0.5753992634120909,
        -66.28738403320314
      ],
      [
        9.277231632689677,
        -9.138007164001467
      ],
      [
        -2.5802707703823944,
        -17.163283824920658
      ],
      [
        -20.033556019866754,
        -5.737352371215821
      ]
    ],
    "WL": [
      [
        30.11168423000357,
        -107.81890153884889
      ],
      [
        45.167409487057625,
        -138.48708629608157
      ],
      [
        64.52691354201148,
        -135.22834181785586
      ],
      [
        62.07545268848606,
        -59.16432738304139
      ],
      [
        45.073323612384534,
        -26.746237277984623
      ],
      [
        9.277231632689677,
        -9.138007164001467
      ],
      [
        -0.5753992634120909,
        -66.28738403320314
      ]
    ],
    "CC": [
      [
        62.07545268848606,
        -59.16432738304139
      ],
      [
        70.27401084401286,
        -36.362557411193855
      ],
      [
        54.8211498593281,
        -18.79722118377686
      ],
      [
        45.073323612384534,
        -26.746237277984623
      ]
    ],
    "FL": [
      [
        32.67654435751702,
        6.3620710372924805
      ],
      [
        45.073323612384534,
        -26.746237277984623
      ],
      [
        54.8211498593281,
        -18.79722118377686
      ],
      [
        63.42493792334567,
        37.719647884368904
      ],
      [
        46.446891222776564,
        56.0829520225525
      ],
      [
        38.616057324442934,
        45.9006428718567
      ]
    ],
    "TT": [
      [
        66.29669838061044,
        78.60629796981813
      ],
      [
        63.42493792334567,
        37.719647884368904
      ],
      [
        46.446891222776564,
        56.0829520225525
      ],
      [
        37.31753000657489,
        106.84440135955812
      ]
    ],
    "TL": [
      [
        38.616057324442934,
        45.9006428718567
      ],
      [
        32.67654435751702,
        6.3620710372924805
      ],
      [
        14.470907728199675,
        6.749210357666016
      ],
      [
        -3.1514751623187305,
        28.113112449645996
      ],
      [
        -21.12099406464986,
        20.039770603179935
      ],
      [
        -45.825150891687656,
        29.61199522018433
      ],
      [
        -53.39195375678342,
        49.9544906616211
      ],
      [
        -19.08285395158666,
        109.7578811645508
      ]
    ]
  },
  "S": {
    "MH": [
      [
        -58.79883832647683,
        54.798088073730476
      ],
      [
        -56.75724006992378,
        -28.472099304199222
      ],
      [
        12.768266310761714,
        -25.38296699523926
      ],
      [
        21.359214581712884,
        1.1969947814941408
      ],
      [
        7.671248047996763,
        52.80471324920655
      ],
      [
        -9.28049287594282,
        76.95201873779298
      ],
      [
        -28.78701211468366,
        88.79570960998535
      ]
    ],
    "AW": [
      [
        -56.75724006992378,
        -28.472099304199222
      ],
      [
        -71.2435758715761,
        -99.84233379364014
      ],
      [
        -20.26594122571125,
        -139.03670310974124
      ],
      [
        37.41858932238108,
        -122.49223709106447
      ],
      [
        12.768266310761714,
        -25.38296699523926
      ]
    ],
    "PD": [
      [
        69.16677847981838,
        -93.4431838989258
      ],
      [
        64.63798000737476,
        -12.93168067932129
      ],
      [
        43.12446370125905,
        -6.182813644409181
      ],
      [
        12.768266310761714,
        -25.38296699523926
      ],
      [
        37.41858932238108,
        -122.49223709106447
      ]
    ],
    "LD": [
      [
        64.63798000737476,
        -12.93168067932129
      ],
      [
        74.51853142231697,
        -12.959103584289553
      ],
      [
        74.63488895368538,
        75.12339591979982
      ],
      [
        63.7722462351351,
        77.21517562866212
      ],
      [
        52.94415132171297,
        30.55177688598633
      ]
    ],
    "AC": [
      [
        21.293332989837147,
        134.11482810974124
      ],
      [
        21.80905402553581,
        92.94120311737062
      ],
      [
        63.7722462351351,
        77.21517562866212
      ],
      [
        74.63488895368538,
        75.12339591979982
      ],
      [
        74.2357148399596,
        114.58332538604738
      ]
    ],
    "ML": [
      [
        23.91859879902208,
        55.08961200714111
      ],
      [
        21.80905402553581,
        92.94120311737062
      ],
      [
        63.7722462351351,
        77.21517562866212
      ],
      [
        52.94415132171297,
        30.55177688598633
      ],
      [
        40.733584049936574,
        21.588821411132812
      ]
    ],
    "MI": [
      [
        43.12446370125905,
        -6.182813644409181
      ],
      [
        40.733584049936574,
        21.588821411132812
      ],
      [
        23.91859879902208,
        55.08961200714111
      ],
      [
        7.671248047996763,
        52.80471324920655
      ],
      [
        21.359214581712884,
        1.1969947814941408
      ]
    ]
  }
}