{
  "L": {
    "WB": [
      [
        -20.033556019866754,
        -5.737352371215821
      ],
      [
        -46.30778025272511,
        -14.24132823944092
      ],
      [
        -57.43982816845665,
        6.947844028472901
      ],
      [
        -45.825150891687656,
        29.61199522018433
      ],
      [
        -21.12099406464986,
        20.039770603179935
      ],
      [
        -3.1514751623187305,
        28.113112449645996
      ],
      [
        14.470907728199675,
        6.749210357666016
      ],
      [
        9.277231632689677,
        -9.138007164001467
      ],
      [
        -2.5802707703823944,
        -17.163283824920658
      ]
    ],
    "AL": [
      [
        -46.30778025272511,
        -14.24132823944092
      ],
      [
        -33.770978358152185,
        -49.697964191436775
      ],
      [
        -13.85498682241994,
        -67.6236927509308
      ],
      [
        -25.429603704934962,
        -102.64501690864564
      ],
      [
        11.606881340042527,
        -124.44003582000734
      ],
      [
        22.486497817596405,
        -108.74526143074037
      ],
      [
        -0.5753992634120909,
        -66.28738403320314
      ],
      [
        9.277231632689677,
        -9.138007164001467
      ],
      [
        -2.5802707703823944,
        -17.163283824920658
      ],
      [
        -20.033556019866754,
        -5.737352371215821
      ]
    ],
    "WL": [
      [
        30.11168423000357,
        -107.81890153884889
      ],
      [
        45.167409487057625,
        -138.48708629608157
      ],
      [
        64.52691354201148,
        -135.22834181785586
      ],
      [
        62.07545268848606,
        -59.16432738304139
      ],
      [
        45.073323612384534,
        -26.746237277984623
      ],
      [
        9.277231632689677,
        -9.138007164001467
      ],
      [
        -0.5753992634120909,
        -66.28738403320314
      ]
    ],
    "CC": [
      [
        62.07545268848606,
        -59.16432738304139
      ],
      [
        70.27401084401286,
        -36.362557411193855
      ],
      [
        54.8211498593281,
        -18.79722118377686
      ],
      [
        45.073323612384534,
        -26.746237277984623
      ]
    ],
    "FL": [
      [
        32.67654435751702,
        6.3620710372924805
      ],
      [
        45.073323612384534,
        -26.746237277984623
      ],
      [
        54.8211498593281,
        -18.79722118377686
      ],
      [
        63.42493792334567,
        37.719647884368904
      ],
      [
        46.446891222776564,
        56.0829520225525
      ],
      [
        38.616057324442934,
        45.9006428718567
      ]
    ],
    "TT": [
      [
        66.29669838061044,
        78.60629796981813
      ],
      [
        63.42493792334567,
        37.719647884368904
      ],
      [
        46.446891222776564,
        56.0829520225525
      ],
      [
        37.31753000657489,
        106.84440135955812
      ]
    ],
    "TL": [
      [
        38.616057324442934,
        45.9006428718567
      ],
      [
        32.67654435751702,
        6.3620710372924805
      ],
      [
        14.470907728199675,
        6.749210357666016
      ],
      [
        -3.1514751623187305,
        28.113112449645996
      ],
      [
        -21.12099406464986,
        20.039770603179935
      ],
      [
        -45.825150891687656,
        29.61199522018433
      ],
      [
        -53.39195375678342,
        49.9544906616211
      ],
      [
        -19.08285395158666,
        109.7578811645508
      ]
    ]
  },
  "S": {
    "MH": [
      [
        -6.771191246995923,
        -27.597656250000004
      ],
      [
        12.768266310761714,
        -25.38296699523926
      ],
      [
        21.359214581712884,
        1.1969947814941408
      ],
      [
        13.625790824036438,
        26.831574440002445
      ],
      [
        7.671248047996763,
        52.80471324920655
      ],
      [
        -9.28049287594282,
        76.95201873779298
      ],
      [
        -28.78701211468366,
        88.79570960998535
      ],
      [
        -58.79883832647683,
        54.798088073730476
      ],
      [
        -58.91271807931966,
        -11.723356246948244
      ],
      [
        -56.77475083787343,
        -28.436393737792972
      ],
      [
        -38.13455657705413,
        -27.24609375
      ]
    ],
    "PP": [
      [
        -45.79854352970854,
        -9.020504951477053
      ],
      [
        -38.13455657705413,
        -27.24609375
      ],
      [
        -6.771191246995923,
        -27.597656250000004
      ],
      [
        -15.8248227726298,
        0.9561967849731446
      ],
      [
        -4.259581496985866,
        26.97525501251221
      ],
      [
        13.625790824036438,
        26.831574440002445
      ],
      [
        7.671248047996763,
        52.80471324920655
      ],
      [
        -9.28049287594282,
        76.95201873779298
      ],
      [
        -28.78701211468366,
        88.79570960998535
      ],
      [
        -58.79883832647683,
        54.798088073730476
      ],
      [
        -58.91271807931966,
        -11.723356246948244
      ]
    ],
    "PC": [
      [
        -38.13455657705413,
        -27.24609375
      ],
      [
        -45.79854352970854,
        -9.020504951477053
      ],
      [
        -58.91271807931966,
        -11.723356246948244
      ],
      [
        -56.77475083787343,
        -28.436393737792972
      ]
    ],
    "EL": [
      [
        -15.8248227726298,
        0.9561967849731446
      ],
      [
        -6.771191246995923,
        -27.597656250000004
      ],
      [
        12.768266310761714,
        -25.38296699523926
      ],
      [
        21.359214581712884,
        1.1969947814941408
      ],
      [
        13.625790824036438,
        26.831574440002445
      ],
      [
        -4.259581496985866,
        26.97525501251221
      ]
    ],
    "AW": [
      [
        -71.2435758715761,
        -99.84233379364014
      ],
      [
        -20.26594122571125,
        -139.03670310974124
      ],
      [
        37.41858932238108,
        -122.49223709106447
      ],
      [
        41.4785218226181,
        -85.86040735244752
      ],
      [
        28.58419197956645,
        -41.46864652633668
      ],
      [
        12.768266310761714,
        -25.38296699523926
      ],
      [
        -6.771191246995923,
        -27.597656250000004
      ],
      [
        -38.13455657705413,
        -27.24609375
      ],
      [
        -56.77475083787343,
        -28.436393737792972
      ]
    ],
    "NY": [
      [
        37.41858932238108,
        -122.49223709106447
      ],
      [
        -0.8827927090257686,
        -74.2848837375641
      ],
      [
        -8.891527062357294,
        -41.89271450042725
      ],
      [
        -6.771191246995923,
        -27.597656250000004
      ],
      [
        -38.13455657705413,
        -27.24609375
      ],
      [
        -56.77475083787343,
        -28.436393737792972
      ],
      [
        -71.2435758715761,
        -99.84233379364014
      ],
      [
        -20.26594122571125,
        -139.03670310974124
      ]
    ],
    "CCOD": [
      [
        -0.8827927090257686,
        -74.2848837375641
      ],
      [
        -8.891527062357294,
        -41.89271450042725
      ],
      [
        -6.771191246995923,
        -27.597656250000004
      ],
      [
        12.768266310761714,
        -25.38296699523926
      ],
      [
        28.58419197956645,
        -41.46864652633668
      ],
      [
        41.4785218226181,
        -85.86040735244752
      ],
      [
        37.41858932238108,
        -122.49223709106447
      ]
    ],